<?xml version="1.0" encoding="utf-8"?>
<!--Voor validatie is het noodzakelijk om ook de catalogi van de gepubliceerde versie 1.0.4 te laden.-->
<AanleveringInformatieObject xmlns="https://standaarden.overheid.nl/lvbb/stop/aanlevering/"
                             xmlns:geo="https://standaarden.overheid.nl/stop/imop/geo/"
                             xmlns:xsi="http://www.w3.org/2001/XMLSchema-instance"
                             schemaversie="1.1.0"
                             xsi:schemaLocation="https://standaarden.overheid.nl/lvbb/stop/aanlevering https://standaarden.overheid.nl/lvbb/1.1.0/lvbb-stop-aanlevering.xsd">
   <InformatieObjectVersie>
      <ExpressionIdentificatie xmlns="https://standaarden.overheid.nl/stop/imop/data/">
         <FRBRWork>/join/id/regdata/ws0665/2021/nl_imow-ws0665_gebied_roerdalslenk</FRBRWork>
         <FRBRExpression>/join/id/regdata/ws0665/2021/nl_imow-ws0665_gebied_roerdalslenk/nld@2021-03-05</FRBRExpression>
         <soortWork>/join/id/stop/work_010</soortWork>
      </ExpressionIdentificatie>
      <InformatieObjectVersieMetadata xmlns="https://standaarden.overheid.nl/stop/imop/data/">
         <heeftGeboorteregeling>/akn/nl/act/ws0665/2019/wvl</heeftGeboorteregeling>
         <heeftBestanden>
            <heeftBestand>
               <Bestand>
                  <bestandsnaam>Roerdalslenk.gml</bestandsnaam>
                  <hash>9ccc25d81d8eb67bb003e32080b34126ea56a4dd1a51c2cc939afe4bf9967d13f638f6987f00068449ef819ecfdcd7d2ddf721481de2efdaa6dd8bd0e8a542ed</hash>
               </Bestand>
            </heeftBestand>
         </heeftBestanden>
      </InformatieObjectVersieMetadata>
      <InformatieObjectMetadata xmlns="https://standaarden.overheid.nl/stop/imop/data/">
         <eindverantwoordelijke>/tooi/id/waterschap/ws0665</eindverantwoordelijke>
         <maker>/tooi/id/waterschap/ws0665</maker>
         <alternatieveTitels>
            <alternatieveTitel>Roerdalslenk Brunssumklei</alternatieveTitel>
         </alternatieveTitels>
         <officieleTitel>/join/id/regdata/ws0665/2021/nl_imow-ws0665_gebied_roerdalslenk</officieleTitel>
         <publicatieinstructie>TeConsolideren</publicatieinstructie>
         <naamInformatieObject>Roerdalslenk</naamInformatieObject>
         <formaatInformatieobject>/join/id/stop/informatieobject/gio_002</formaatInformatieobject>
      </InformatieObjectMetadata>
   </InformatieObjectVersie>
</AanleveringInformatieObject>
