<?xml version="1.0" encoding="UTF-8"?>
<ow-dc:owBestand xmlns:xsi="http://www.w3.org/2001/XMLSchema-instance" 
	xmlns:xlink="http://www.w3.org/1999/xlink" 
	xmlns:da="http://www.geostandaarden.nl/imow/datatypenalgemeen" 
	xmlns:sl="http://www.geostandaarden.nl/bestanden-ow/standlevering-generiek" 
	xmlns:ow-dc="http://www.geostandaarden.nl/imow/bestanden/deelbestand" 
	xmlns:rol="http://www.geostandaarden.nl/imow/regelsoplocatie" 
	xmlns:l="http://www.geostandaarden.nl/imow/locatie" 
	xmlns:rkow="http://www.geostandaarden.nl/imow/regeltekstkoppelingow/" 
	xmlns:r="http://www.geostandaarden.nl/imow/regels" 
	xmlns:ow="http://www.geostandaarden.nl/imow/owobject"
	xsi:schemaLocation="http://www.geostandaarden.nl/imow/bestanden/deelbestand https://register.geostandaarden.nl/xmlschema/tpod/v2.0.0/bestanden-ow/deelbestand-ow/IMOW_Deelbestand.xsd">
	<sl:standBestand>
		<sl:dataset>Gemeentestad</sl:dataset>
		<sl:inhoud>
			<sl:gebied>Gemeentestad</sl:gebied>
			<sl:leveringsId>abc-20190221-0801</sl:leveringsId>
			<sl:objectTypen>
				<sl:objectType>Omgevingsnorm</sl:objectType>
				<sl:objectType>Omgevingswaarde</sl:objectType>
			</sl:objectTypen>
		</sl:inhoud>
		<sl:stand>
			<ow-dc:owObject>
				<rol:Omgevingswaarde>
					<ow:status>beëindigen</ow:status>
					<rol:identificatie>nl.imow-gm0297.omgevingswaarde.2019000001</rol:identificatie>
					<rol:naam>fijnstof</rol:naam>
					<rol:type>http://standaarden.omgevingswet.overheid.nl/typenorm/id/concept/Volume</rol:type>
					<!--klopt niet, maar waardelijst bevat gewenste waarde nog niet-->
					<rol:normwaarde>
						<rol:Normwaarde>
							<rol:identificatie>nl.imow-gm0297.normwaarde.2019000001</rol:identificatie>
							<rol:waardeInRegeltekst>waarde staat in regeltekst</rol:waardeInRegeltekst>
							<rol:locatieaanduiding>
								<l:LocatieRef xlink:href="nl.imow-gm0297.gebiedengroep.zuilichem"/>
							</rol:locatieaanduiding>
						</rol:Normwaarde>
					</rol:normwaarde>
					<rol:groep>http://standaarden.omgevingswet.overheid.nl/omgevingswaarde/id/concept/Luchtkwaliteit</rol:groep>
				</rol:Omgevingswaarde>
			</ow-dc:owObject>
		</sl:stand>
	</sl:standBestand>
</ow-dc:owBestand>