<?xml version="1.0" encoding="UTF-8"?>
<publicatieOpdracht xmlns="http://www.overheid.nl/2017/lvbb">
   <idLevering>Geonovum-Omgevingsplan-Zaltbommel_mutatiescenario3d_002</idLevering>
  <!--Om de keten in te krijgen kun je gebruik maken van: 00000001003214345000 
  Dit is de OIN van ministerie van BZK, de OIN van de gemeente zaltbommel is nog niet gemachtigd.-->
  <idBevoegdGezag>00000001807288111000</idBevoegdGezag> 
  <idAanleveraar>00000003560458830000</idAanleveraar>
  <publicatie>Mutatie_besluit_verwijderen_artikel_met_GIO.xml</publicatie>
  <datumBekendmaking>2022-04-08</datumBekendmaking>
</publicatieOpdracht>
