<?xml version="1.0" encoding="utf-8"?>
<!--Voor validatie is het noodzakelijk om ook de catalogi van de gepubliceerde versie 1.0.4 te laden.-->
<AanleveringBesluit xmlns="https://standaarden.overheid.nl/lvbb/stop/aanlevering/"
                    xmlns:xsi="http://www.w3.org/2001/XMLSchema-instance"
                    schemaversie="1.2.0"
                    xsi:schemaLocation="https://standaarden.overheid.nl/lvbb/stop/aanlevering https://standaarden.overheid.nl/lvbb/1.2.0/lvbb-stop-aanlevering.xsd">
   <BesluitVersie>
      <ExpressionIdentificatie xmlns="https://standaarden.overheid.nl/stop/imop/data/">
         <FRBRWork>/akn/nl/bill/mnre1109/2020/IN0001</FRBRWork>
         <FRBRExpression>/akn/nl/bill/mnre1109/2020/IN0001/nld@2020-05-11</FRBRExpression>
         <soortWork>/join/id/stop/work_003</soortWork>
      </ExpressionIdentificatie>
      <BesluitMetadata xmlns="https://standaarden.overheid.nl/stop/imop/data/">
         <eindverantwoordelijke>/tooi/id/ministerie/mnre1109</eindverantwoordelijke>
         <maker>/tooi/id/ministerie/mnre1109</maker>
         <!--soortBestuursorgaan is 'minister'.-->
         <soortBestuursorgaan>/tooi/def/thes/kern/c_bcfb7b4e</soortBestuursorgaan>
         <officieleTitel>Instructie aan de gemeente Gemeentestad</officieleTitel>
         <onderwerpen>
            <onderwerp>/tooi/def/concept/c_2408fb5a</onderwerp>
         </onderwerpen>
         <rechtsgebieden>
            <rechtsgebied>/tooi/def/concept/c_8ad05f6d</rechtsgebied>
            <rechtsgebied>/tooi/def/concept/c_3e6b35e2</rechtsgebied>
         </rechtsgebieden>
         <soortProcedure>/join/id/stop/proceduretype_definitief</soortProcedure>
         <informatieobjectRefs>
            <informatieobjectRef>/join/id/regdata/mnre1109/2020/villawijk_de_parkel/nld@2020-09-03;1</informatieobjectRef>
         </informatieobjectRefs>
      </BesluitMetadata>
      <Procedureverloop xmlns="https://standaarden.overheid.nl/stop/imop/data/">
         <bekendOp>2020-05-11</bekendOp>
         <ontvangenOp>2020-05-11</ontvangenOp>
         <procedurestappen>
            <Procedurestap>
               <soortStap>/join/id/stop/procedure/stap_003</soortStap>
               <voltooidOp>2020-06-01</voltooidOp>
            </Procedurestap>
         </procedurestappen>
      </Procedureverloop>
      <ConsolidatieInformatie xmlns="https://standaarden.overheid.nl/stop/imop/data/">
         <BeoogdeRegelgeving>
            <BeoogdeRegeling>
               <doelen>
                  <doel>/join/id/proces/mnre1109/2020/InstellingInstructie</doel>
               </doelen>
               <instrumentVersie>/akn/nl/act/mnre1109/2020/IN0001/nld@2020-05-11;1</instrumentVersie>
               <eId>art_I</eId>
            </BeoogdeRegeling>
            <BeoogdInformatieobject>
               <doelen>
                  <doel>/join/id/proces/mnre1109/2020/InstellingInstructie</doel>
               </doelen>
               <instrumentVersie>/join/id/regdata/mnre1109/2020/villawijk_de_parkel/nld@2020-09-03;1</instrumentVersie>
               <eId>!initieel_reg#cmp_I__content_o_1__list_o_1__item_o_1__ref_o_1</eId>
            </BeoogdInformatieobject>
         </BeoogdeRegelgeving>
         <Tijdstempels>
            <Tijdstempel>
               <doel>/join/id/proces/mnre1109/2020/InstellingInstructie</doel>
               <soortTijdstempel>juridischWerkendVanaf</soortTijdstempel>
               <!-- datum aangepast tbv ketentest, was:
               <datum>2021-01-01</datum>
               -->
               <datum>2020-09-01</datum>
               <eId>art_II</eId>
            </Tijdstempel>
         </Tijdstempels>
      </ConsolidatieInformatie>
      <BesluitCompact xmlns="https://standaarden.overheid.nl/stop/imop/tekst/">
         <RegelingOpschrift eId="longTitle" wId="longTitle">
            <Al>Instructie aan de gemeente Gemeentestad</Al>
         </RegelingOpschrift>
         <Aanhef eId="formula_1" wId="formula_1">
            <Al>De minister van Onderwijs, Cultuur en Wetenschappen,</Al>
            <Al>In overeenstemming met de minister van Binnenlandse Zaken en Koninkrijksrelaties,</Al>
            <!-- Binnen Aanhef kunnen we geen Groep gebruiken. Onderstaande alinea's krijgen daarom in de uiteindelijke bekendmaking met tussenliggende witregels. -->
            <Al>overwegende dat het gebied De Parkel in de gemeente Gemeentestad van algemeen belang is vanwege zijn historisch-ruimtelijk karakter;</Al>
            <Al>overwegende dat het historisch-ruimtelijk karakter van dit gebied nog voldoende gaaf en herkenbaar is;</Al>
            <Al>overwegende dat het historisch-ruimtelijk karakter van De Parkel kan worden gekenmerkt als een uitgestrekte villawijk met een groot aantal architectonisch waardevolle objecten, in fasen gerealiseerd, in een gebied behorende tot twee voormalige landgoederen, waarin de stedenbouwkundige opzet van het gehele gebied een grote samenhang vertoont, vooral dankzij de lanenstelsels en het vele groen, waarbij de kwaliteit van de ontwerpen voor de verschillende deelgebieden, waarin meerdere relicten van de voormalige landgoederen zijn geïntegreerd, hoog is;</Al>
            <Al>overwegende dat het van belang is de karakteristieke, met de historische ontwikkeling samenhangende structuur en ruimtelijke kwaliteit van het gebied te onderkennen als zwaarwegend belang bij de toekomstige ontwikkelingen binnen het gebied;</Al>
            <Al>overwegende dat de karakteristieke, met de historische ontwikkeling samenhangende structuur en ruimtelijke kwaliteit bijzondere bescherming verdienen;</Al>
            <Al>gelet op de positieve adviezen van gedeputeerde staten van Provincieland en de Raad voor Cultuur;</Al>
            <Al>besluit:</Al>
         </Aanhef>
         <Lichaam eId="body" wId="body">
            <WijzigArtikel eId="art_I" wId="mnre1109_1__art_I">
               <Kop>
                  <Label>Artikel</Label>
                  <Nummer>I</Nummer>
               </Kop>
               <Wat>Aan de gemeenteraad van Gemeentestad de in <IntRef ref="cmp_I" scope="WijzigBijlage">bijlage I</IntRef> opgenomen instructie te geven.</Wat>
            </WijzigArtikel>
            <Artikel eId="art_II" wId="mnre1109_1__art_II">
               <Kop>
                  <Label>Artikel</Label>
                  <Nummer>II</Nummer>
               </Kop>
               <Inhoud>
                  <Al>Dit besluit treedt in werking na toezending van de instructie aan de gemeenteraad van Gemeentestad.</Al>
               </Inhoud>
            </Artikel>
         </Lichaam>
         <Sluiting eId="formula_2" wId="formula_2">
            <Al>De minister van OCW,</Al>
            <Al>Namens haar,</Al>
         </Sluiting>
         <WijzigBijlage eId="cmp_I" wId="mnre1109_1__cmp_I">
            <Kop>
               <Label>Bijlage</Label>
               <Nummer>I</Nummer>
               <Opschrift>Bijlage bij Artikel I</Opschrift>
            </Kop>
            <RegelingVrijetekst componentnaam="initieel_reg"
                                wordt="/akn/nl/act/mnre1109/2020/IN0001/nld@2020-05-11;1">
               <RegelingOpschrift eId="longTitle" wId="longTitle">
                  <Al>Instructie aan de gemeente Gemeentestad</Al>
               </RegelingOpschrift>
               <Lichaam eId="body" wId="body">
                  <Divisietekst eId="content_o_1" wId="mnre1109_1__content_o_1">
                     <Inhoud>
                        <Lijst eId="content_o_1__list_o_1"
                               wId="mnre1109_1__content_o_1__list_o_1"
                               type="expliciet">
                           <Lijstaanhef>De minister van Onderwijs, Cultuur en Wetenschappen draagt aan de gemeenteraad van Gemeentestad op om in het omgevingsplan:</Lijstaanhef>
                           <Li eId="content_o_1__list_o_1__item_o_1"
                               wId="mnre1109_1__content_o_1__list_o_1__item_o_1">
                              <LiNummer>•</LiNummer>
                              <Al>aan het werkingsgebied <IntIoRef eId="content_o_1__list_o_1__item_o_1__ref_o_1"
                                           wId="mnre1109_1__content_o_1__list_o_1__item_o_1__ref_o_1"
                                           ref="mnre1109_1__cmp_I__content_o_1__list_o_1__item_o_1__ref_o_1">De Parkel</IntIoRef> de functie-aanduiding rijksbeschermd stadsgezicht te geven;</Al>
                           </Li>
                           <Li eId="content_o_1__list_o_1__item_o_2"
                               wId="mnre1109_1__content_o_1__list_o_1__item_o_2">
                              <LiNummer>•</LiNummer>
                              <Lijst eId="content_o_1__list_o_1__item_o_2__list_o_1"
                                     wId="mnre1109_1__content_o_1__list_o_1__item_o_2__list_o_1"
                                     type="expliciet">
                                 <Lijstaanhef>regels te stellen gericht op het beschermen van het aldus aangeduide stadsgezicht, voor zover dat nodig is voor het behoud van het aanwezige cultureel erfgoed, waarbij die regels in ieder geval moeten betreffen de bescherming van:</Lijstaanhef>
                                 <Li eId="content_o_1__list_o_1__item_o_2__list_o_1__item_o_1"
                                     wId="mnre1109_1__content_o_1__list_o_1__item_o_2__list_o_1__item_o_1">
                                    <LiNummer>o</LiNummer>
                                    <Lijst eId="content_o_1__list_o_1__item_o_2__list_o_1__item_o_1__list_o_1"
                                           wId="mnre1109_1__content_o_1__list_o_1__item_o_2__list_o_1__item_o_1__list_o_1"
                                           type="expliciet">
                                       <Lijstaanhef>de hoofdstructuur, bestaande uit:</Lijstaanhef>
                                       <Li eId="content_o_1__list_o_1__item_o_2__list_o_1__item_o_1__list_o_1__item_o_1"
                                           wId="mnre1109_1__content_o_1__list_o_1__item_o_2__list_o_1__item_o_1__list_o_1__item_o_1">
                                          <LiNummer>-</LiNummer>
                                          <Al>het stratenpatroon, met zowel nieuw ontworpen structuren (lanen en pleinen), als gehandhaafde oudere structuren;</Al>
                                       </Li>
                                       <Li eId="content_o_1__list_o_1__item_o_2__list_o_1__item_o_1__list_o_1__item_o_2"
                                           wId="mnre1109_1__content_o_1__list_o_1__item_o_2__list_o_1__item_o_1__list_o_1__item_o_2">
                                          <LiNummer>-</LiNummer>
                                          <Al>de ligging en inrichting van de groengebieden, waaronder de in Engelse landschapsstijl ingerichte parken;</Al>
                                       </Li>
                                       <Li eId="content_o_1__list_o_1__item_o_2__list_o_1__item_o_1__list_o_1__item_o_3"
                                           wId="mnre1109_1__content_o_1__list_o_1__item_o_2__list_o_1__item_o_1__list_o_1__item_o_3">
                                          <LiNummer>-</LiNummer>
                                          <Al>de verkaveling van de bouwblokken;</Al>
                                       </Li>
                                    </Lijst>
                                 </Li>
                                 <Li eId="content_o_1__list_o_1__item_o_2__list_o_1__item_o_2"
                                     wId="mnre1109_1__content_o_1__list_o_1__item_o_2__list_o_1__item_o_2">
                                    <LiNummer>o</LiNummer>
                                    <Lijst eId="content_o_1__list_o_1__item_o_2__list_o_1__item_o_2__list_o_1"
                                           wId="mnre1109_1__content_o_1__list_o_1__item_o_2__list_o_1__item_o_2__list_o_1"
                                           type="expliciet">
                                       <Lijstaanhef>de lineaire structuur, bestaande uit:</Lijstaanhef>
                                       <Li eId="content_o_1__list_o_1__item_o_2__list_o_1__item_o_2__list_o_1__item_o_1"
                                           wId="mnre1109_1__content_o_1__list_o_1__item_o_2__list_o_1__item_o_2__list_o_1__item_o_1">
                                          <LiNummer>-</LiNummer>
                                          <Al>het verloop, het profiel en de beplanting van lanen;</Al>
                                       </Li>
                                    </Lijst>
                                 </Li>
                                 <Li eId="content_o_1__list_o_1__item_o_2__list_o_1__item_o_3"
                                     wId="mnre1109_1__content_o_1__list_o_1__item_o_2__list_o_1__item_o_3">
                                    <LiNummer>o</LiNummer>
                                    <Lijst eId="content_o_1__list_o_1__item_o_2__list_o_1__item_o_3__list_o_1"
                                           wId="mnre1109_1__content_o_1__list_o_1__item_o_2__list_o_1__item_o_3__list_o_1"
                                           type="expliciet">
                                       <Lijstaanhef>de zichtassen naar en vanuit:</Lijstaanhef>
                                       <Li eId="content_o_1__list_o_1__item_o_2__list_o_1__item_o_3__list_o_1__item_o_1"
                                           wId="mnre1109_1__content_o_1__list_o_1__item_o_2__list_o_1__item_o_3__list_o_1__item_o_1">
                                          <LiNummer>-</LiNummer>
                                          <Al>Marialaar: de Haersma de Withlaan, de Canadalaan-Wilhelminapark en de Anna Paulownalaan;</Al>
                                       </Li>
                                       <Li eId="content_o_1__list_o_1__item_o_2__list_o_1__item_o_3__list_o_1__item_o_2"
                                           wId="mnre1109_1__content_o_1__list_o_1__item_o_2__list_o_1__item_o_3__list_o_1__item_o_2">
                                          <LiNummer>-</LiNummer>
                                          <Al>de HBS: het Prins Hendrikplein</Al>
                                       </Li>
                                       <Li eId="content_o_1__list_o_1__item_o_2__list_o_1__item_o_3__list_o_1__item_o_3"
                                           wId="mnre1109_1__content_o_1__list_o_1__item_o_2__list_o_1__item_o_3__list_o_1__item_o_3">
                                          <LiNummer>-</LiNummer>
                                          <Al>het Gymnasium: de Kastanjelaan;</Al>
                                       </Li>
                                    </Lijst>
                                 </Li>
                                 <Li eId="content_o_1__list_o_1__item_o_2__list_o_1__item_o_4"
                                     wId="mnre1109_1__content_o_1__list_o_1__item_o_2__list_o_1__item_o_4">
                                    <LiNummer>o</LiNummer>
                                    <Lijst eId="content_o_1__list_o_1__item_o_2__list_o_1__item_o_4__list_o_1"
                                           wId="mnre1109_1__content_o_1__list_o_1__item_o_2__list_o_1__item_o_4__list_o_1"
                                           type="expliciet">
                                       <Lijstaanhef>objecten en complexen, bestaande uit:</Lijstaanhef>
                                       <Li eId="content_o_1__list_o_1__item_o_2__list_o_1__item_o_4__list_o_1__item_o_1"
                                           wId="mnre1109_1__content_o_1__list_o_1__item_o_2__list_o_1__item_o_4__list_o_1__item_o_1">
                                          <LiNummer>-</LiNummer>
                                          <Al>het bebouwingsbeeld: meest vrijstaande panden, enkele dubbele woningen en drieslagen, voornamelijk panden van twee bouwlagen met kap;</Al>
                                       </Li>
                                       <Li eId="content_o_1__list_o_1__item_o_2__list_o_1__item_o_4__list_o_1__item_o_2"
                                           wId="mnre1109_1__content_o_1__list_o_1__item_o_2__list_o_1__item_o_4__list_o_1__item_o_2">
                                          <LiNummer>-</LiNummer>
                                          <Al>de aanwezige rijksmonumenten, gemeentelijke monumenten en beeldbepalende panden;</Al>
                                       </Li>
                                       <Li eId="content_o_1__list_o_1__item_o_2__list_o_1__item_o_4__list_o_1__item_o_3"
                                           wId="mnre1109_1__content_o_1__list_o_1__item_o_2__list_o_1__item_o_4__list_o_1__item_o_3">
                                          <LiNummer>-</LiNummer>
                                          <Al>het groene karakter van voor- en achtertuinen en het zicht door de (voor)tuinen op de bebouwing en rooilijn;</Al>
                                       </Li>
                                       <Li eId="content_o_1__list_o_1__item_o_2__list_o_1__item_o_4__list_o_1__item_o_4"
                                           wId="mnre1109_1__content_o_1__list_o_1__item_o_2__list_o_1__item_o_4__list_o_1__item_o_4">
                                          <LiNummer>-</LiNummer>
                                          <Al>de erfafscheidingen met veelal smeed- en gietijzeren hekwerken.</Al>
                                       </Li>
                                    </Lijst>
                                 </Li>
                              </Lijst>
                           </Li>
                        </Lijst>
                     </Inhoud>
                  </Divisietekst>
               </Lichaam>
               <Bijlage eId="cmp_I" wId="mnre1109_1__cmp_I">
                  <Kop>
                     <Label>Bijlage</Label>
                     <Nummer>I</Nummer>
                     <Opschrift>Overzicht Informatieobjecten</Opschrift>
                  </Kop>
                  <Divisietekst eId="cmp_I__content_o_1" wId="mnre1109_1__cmp_I__content_o_1">
                     <Inhoud>
                        <Begrippenlijst eId="cmp_I__content_o_1__list_o_1"
                                        wId="mnre1109_1__cmp_I__content_o_1__list_o_1">
                           <Begrip eId="cmp_I__content_o_1__list_o_1__item_o_1"
                                   wId="mnre1109_1__cmp_I__content_o_1__list_o_1__item_o_1">
                              <Term>Villawijk de Parkel</Term>
                              <Definitie>
                                 <Al>
                                    <ExtIoRef eId="cmp_I__content_o_1__list_o_1__item_o_1__ref_o_1"
                                              wId="mnre1109_1__cmp_I__content_o_1__list_o_1__item_o_1__ref_o_1"
                                              ref="/join/id/regdata/mnre1109/2020/villawijk_de_parkel/nld@2020-09-03;1">/join/id/regdata/mnre1109/2020/villawijk_de_parkel/nld@2020-09-03;1</ExtIoRef>
                                 </Al>
                              </Definitie>
                           </Begrip>
                        </Begrippenlijst>
                     </Inhoud>
                  </Divisietekst>
               </Bijlage>
            </RegelingVrijetekst>
         </WijzigBijlage>
      </BesluitCompact>
   </BesluitVersie>
   <RegelingVersieInformatie>
      <ExpressionIdentificatie xmlns="https://standaarden.overheid.nl/stop/imop/data/">
         <FRBRWork>/akn/nl/act/mnre1109/2020/IN0001</FRBRWork>
         <FRBRExpression>/akn/nl/act/mnre1109/2020/IN0001/nld@2020-05-11;1</FRBRExpression>
         <soortWork>/join/id/stop/work_019</soortWork>
      </ExpressionIdentificatie>
      <RegelingVersieMetadata xmlns="https://standaarden.overheid.nl/stop/imop/data/">
         <versienummer>1</versienummer>
      </RegelingVersieMetadata>
      <RegelingMetadata xmlns="https://standaarden.overheid.nl/stop/imop/data/">
         <soortRegeling>/join/id/stop/regelingtype_008</soortRegeling>
         <eindverantwoordelijke>/tooi/id/ministerie/mnre1109</eindverantwoordelijke>
         <maker>/tooi/id/ministerie/mnre1109</maker>
         <!--soortBestuursorgaan is 'minister'.-->
         <soortBestuursorgaan>/tooi/def/thes/kern/c_bcfb7b4e</soortBestuursorgaan>
         <officieleTitel>Instructie aan de gemeente Gemeentestad</officieleTitel>
         <overheidsdomeinen>
            <overheidsdomein>/tooi/def/concept/c_3708ac5e</overheidsdomein>
         </overheidsdomeinen>
         <onderwerpen>
            <onderwerp>/tooi/def/concept/c_2408fb5a</onderwerp>
         </onderwerpen>
         <rechtsgebieden>
            <rechtsgebied>/tooi/def/concept/c_8ad05f6d</rechtsgebied>
            <rechtsgebied>/tooi/def/concept/c_3e6b35e2</rechtsgebied>
         </rechtsgebieden>
      </RegelingMetadata>
   </RegelingVersieInformatie>
</AanleveringBesluit>
