<?xml version="1.0" encoding="utf-8"?>
<!--Voor validatie is het noodzakelijk om ook de catalogi van de gepubliceerde versie 1.0.4 te laden.-->
<AanleveringInformatieObject xmlns="https://standaarden.overheid.nl/lvbb/stop/aanlevering/"
                             xmlns:geo="https://standaarden.overheid.nl/stop/imop/geo/"
                             xmlns:xsi="http://www.w3.org/2001/XMLSchema-instance"
                             schemaversie="1.2.0"
                             xsi:schemaLocation="https://standaarden.overheid.nl/lvbb/stop/aanlevering https://standaarden.overheid.nl/lvbb/1.2.0/lvbb-stop-aanlevering.xsd">
   <InformatieObjectVersie>
      <ExpressionIdentificatie xmlns="https://standaarden.overheid.nl/stop/imop/data/">
         <FRBRWork>/join/id/regdata/gm0297/2019/Welstand</FRBRWork>
         <FRBRExpression>/join/id/regdata/gm0297/2019/Welstand/nld@2019-06-18;3520</FRBRExpression>
         <soortWork>/join/id/stop/work_010</soortWork>
      </ExpressionIdentificatie>
      <InformatieObjectVersieMetadata xmlns="https://standaarden.overheid.nl/stop/imop/data/">
         <heeftBestanden>
            <heeftBestand>
               <Bestand>
                  <bestandsnaam>Welstand.gml</bestandsnaam>
                  <hash>85e6e772f09a68ea7fbbb9097956042ebbcefdd264ee713039ca72c9caeaffceb85073c093c0cb18688546ecb7caa901e65d4454d74a5755b14e5b07943f6008</hash>
               </Bestand>
            </heeftBestand>
         </heeftBestanden>
         <heeftGeboorteregeling>/akn/nl/act/gm0297/2019/reg456</heeftGeboorteregeling>
      </InformatieObjectVersieMetadata>
      <InformatieObjectMetadata xmlns="https://standaarden.overheid.nl/stop/imop/data/">
         <eindverantwoordelijke>/tooi/id/gemeente/gm0297</eindverantwoordelijke>
         <maker>/tooi/id/gemeente/gm0297</maker>
         <alternatieveTitels>
            <alternatieveTitel>welstandsniveau</alternatieveTitel>
         </alternatieveTitels>
         <officieleTitel>/join/id/regdata/gm0297/2019/Welstand</officieleTitel>
         <publicatieinstructie>TeConsolideren</publicatieinstructie>
         <formaatInformatieobject>/join/id/stop/informatieobject/gio_002</formaatInformatieobject>
         <naamInformatieObject>welstandsniveau</naamInformatieObject>
      </InformatieObjectMetadata>
      <FeatureTypeStyle xmlns="http://www.opengis.net/se" version="1.1.0">
         <FeatureTypeName>geo:Locatie</FeatureTypeName>
         <SemanticTypeIdentifier>geo:kwalitatieveNormwaarde</SemanticTypeIdentifier>
         <Rule>
            <Name>Welstandsniveau laag</Name>
            <Description>
               <Title>Welstandsniveau laag</Title>
            </Description>
            <Filter xmlns="http://www.opengis.net/ogc">
               <PropertyIsEqualTo>
                  <PropertyName>kwalitatieveNormwaarde</PropertyName>
                  <Literal>laag</Literal>
               </PropertyIsEqualTo>
            </Filter>
            <PolygonSymbolizer>
               <Name>vsgt307</Name>
               <Fill>
                  <SvgParameter name="fill">#d2d2ff</SvgParameter>
                  <SvgParameter name="fill-opacity">0.3</SvgParameter>
               </Fill>
               <Stroke>
                  <SvgParameter name="stroke">#0000ff</SvgParameter>
                  <SvgParameter name="stroke-opacity">1</SvgParameter>
                  <SvgParameter name="stroke-width">0.5</SvgParameter>
                  <SvgParameter name="stroke-linejoin">round</SvgParameter>
               </Stroke>
            </PolygonSymbolizer>
         </Rule>
         <Rule>
            <Name>Welstandsniveau midden</Name>
            <Description>
               <Title>Welstandsniveau midden</Title>
            </Description>
            <Filter xmlns="http://www.opengis.net/ogc">
               <PropertyIsEqualTo>
                  <PropertyName>kwalitatieveNormwaarde</PropertyName>
                  <Literal>midden</Literal>
               </PropertyIsEqualTo>
            </Filter>
            <PolygonSymbolizer>
               <Name>vsgt304</Name>
               <Fill>
                  <SvgParameter name="fill">#7878ff</SvgParameter>
                  <SvgParameter name="fill-opacity">0.3</SvgParameter>
               </Fill>
               <Stroke>
                  <SvgParameter name="stroke">#0000ff</SvgParameter>
                  <SvgParameter name="stroke-opacity">1</SvgParameter>
                  <SvgParameter name="stroke-width">0.5</SvgParameter>
                  <SvgParameter name="stroke-linejoin">round</SvgParameter>
               </Stroke>
            </PolygonSymbolizer>
         </Rule>
         <Rule>
            <Name>Welstandsniveau hoog</Name>
            <Description>
               <Title>Welstandsniveau hoog</Title>
            </Description>
            <Filter xmlns="http://www.opengis.net/ogc">
               <PropertyIsEqualTo>
                  <PropertyName>kwalitatieveNormwaarde</PropertyName>
                  <Literal>hoog</Literal>
               </PropertyIsEqualTo>
            </Filter>
            <PolygonSymbolizer>
               <Name>vsgt304</Name>
               <Fill>
                  <SvgParameter name="fill">#0000ff</SvgParameter>
                  <SvgParameter name="fill-opacity">0.3</SvgParameter>
               </Fill>
               <Stroke>
                  <SvgParameter name="stroke">#0000ff</SvgParameter>
                  <SvgParameter name="stroke-opacity">1</SvgParameter>
                  <SvgParameter name="stroke-width">0.5</SvgParameter>
                  <SvgParameter name="stroke-linejoin">round</SvgParameter>
               </Stroke>
            </PolygonSymbolizer>
         </Rule>
      </FeatureTypeStyle>
   </InformatieObjectVersie>
</AanleveringInformatieObject>
