<?xml version="1.0" encoding="utf-8"?>
<AanleveringInformatieObject xmlns="https://standaarden.overheid.nl/lvbb/stop/aanlevering/"
                             xmlns:geo="https://standaarden.overheid.nl/stop/imop/geo/"
                             xmlns:xsi="http://www.w3.org/2001/XMLSchema-instance"
                             schemaversie="1.2.0"
                             xsi:schemaLocation="https://standaarden.overheid.nl/lvbb/stop/aanlevering https://standaarden.overheid.nl/lvbb/1.2.0/lvbb-stop-aanlevering.xsd">
   <InformatieObjectVersie>
      <ExpressionIdentificatie xmlns="https://standaarden.overheid.nl/stop/imop/data/">
         <FRBRWork>/join/id/regdata/mnre1045/2022/voorbeschermingsregels_gemeente_reimerswaal</FRBRWork>
         <FRBRExpression>/join/id/regdata/mnre1045/2022/voorbeschermingsregels_gemeente_reimerswaal/nld@2022-03-01;1</FRBRExpression>
         <soortWork>/join/id/stop/work_010</soortWork>
      </ExpressionIdentificatie>
      <InformatieObjectVersieMetadata xmlns="https://standaarden.overheid.nl/stop/imop/data/">
         <heeftGeboorteregeling>/akn/nl/act/mnre1045/2022/EZvb17ZW380-3001-gm0703</heeftGeboorteregeling>
         <heeftBestanden>
            <heeftBestand>
               <Bestand>
                  <bestandsnaam>gm0703_besluitgebied.gml</bestandsnaam>
                  <hash>7212f48b76ea8bf26504a20d73fb82978e88b3705ab750cd773d4ad99d65e95cc99d4e6247dbc6199ffad948002c4adc5141c5dbb2f909adac5d44abdd56a2df</hash>
               </Bestand>
            </heeftBestand>
         </heeftBestanden>
      </InformatieObjectVersieMetadata>
      <InformatieObjectMetadata xmlns="https://standaarden.overheid.nl/stop/imop/data/">
         <eindverantwoordelijke>/tooi/id/ministerie/mnre1045</eindverantwoordelijke>
         <maker>/tooi/id/ministerie/mnre1045</maker>
         <alternatieveTitels>
            <alternatieveTitel>Voorbeschermingsregels gemeente Reimerswaal</alternatieveTitel>
         </alternatieveTitels>
         <officieleTitel>/join/id/regdata/mnre1045/2022/voorbeschermingsregels_gemeente_reimerswaal</officieleTitel>
         <publicatieinstructie>TeConsolideren</publicatieinstructie>
         <naamInformatieObject>Voorbeschermingsregels gemeente Reimerswaal</naamInformatieObject>
         <formaatInformatieobject>/join/id/stop/informatieobject/gio_002</formaatInformatieobject>
      </InformatieObjectMetadata>
   </InformatieObjectVersie>
</AanleveringInformatieObject>
