<?xml version="1.0" encoding="utf-8"?>
<ow-dc:owBestand xmlns:da="http://www.geostandaarden.nl/imow/datatypenalgemeen"
                 xmlns:ga="http://www.geostandaarden.nl/imow/gebiedsaanwijzing"
                 xmlns:k="http://www.geostandaarden.nl/imow/kaart"
                 xmlns:l="http://www.geostandaarden.nl/imow/locatie"
                 xmlns:ow="http://www.geostandaarden.nl/imow/owobject"
                 xmlns:ow-dc="http://www.geostandaarden.nl/imow/bestanden/deelbestand"
                 xmlns:p="http://www.geostandaarden.nl/imow/pons"
                 xmlns:r="http://www.geostandaarden.nl/imow/regels"
                 xmlns:rg="http://www.geostandaarden.nl/imow/regelingsgebied"
                 xmlns:rol="http://www.geostandaarden.nl/imow/regelsoplocatie"
                 xmlns:s="http://www.geostandaarden.nl/imow/symbolisatie"
                 xmlns:sl="http://www.geostandaarden.nl/bestanden-ow/standlevering-generiek"
                 xmlns:vt="http://www.geostandaarden.nl/imow/vrijetekst"
                 xmlns:xlink="http://www.w3.org/1999/xlink"
                 xmlns:xsi="http://www.w3.org/2001/XMLSchema-instance"
                 xsi:schemaLocation="http://www.geostandaarden.nl/imow/bestanden/deelbestand https://register.geostandaarden.nl/xmlschema/tpod/v2.0.0/bestanden-ow/deelbestand-ow/IMOW_Deelbestand.xsd">
   <sl:standBestand>
      <sl:dataset>Wijziging omgevingsplan bouwregels Den Burg</sl:dataset>
      <sl:inhoud>
         <sl:gebied>Gemeente Texel</sl:gebied>
         <sl:leveringsId>PONS001_2024-05-06_001</sl:leveringsId>
         <sl:objectTypen>
            <sl:objectType>Ambtsgebied</sl:objectType>
            <sl:objectType>Gebiedengroep</sl:objectType>
            <sl:objectType>Gebied</sl:objectType>
         </sl:objectTypen>
      </sl:inhoud>
      <sl:stand>
         <ow-dc:owObject>
            <l:Ambtsgebied>
               <l:identificatie>nl.imow-gm0448.ambtsgebied.00000001002000155000</l:identificatie>
               <l:noemer>Gemeente Texel</l:noemer>
               <l:bestuurlijkeGrenzenVerwijzing>
                  <l:BestuurlijkeGrenzenVerwijzing>
                     <l:bestuurlijkeGrenzenID>GM0448</l:bestuurlijkeGrenzenID>
                     <l:domein>NL.BI.BestuurlijkGebied</l:domein>
                     <l:geldigOp>2023-01-01</l:geldigOp>
                  </l:BestuurlijkeGrenzenVerwijzing>
               </l:bestuurlijkeGrenzenVerwijzing>
            </l:Ambtsgebied>
         </ow-dc:owObject>
      </sl:stand>
      <sl:stand>
         <ow-dc:owObject>
            <l:Gebiedengroep>
               <l:identificatie>nl.imow-gm0448.gebiedengroep.000000010020001550000000000000</l:identificatie>
               <l:noemer>pons</l:noemer>
               <l:groepselement>
                  <l:GebiedRef xlink:href="nl.imow-gm0448.gebied.000000010020001550000000000000"/>
               </l:groepselement>
            </l:Gebiedengroep>
         </ow-dc:owObject>
      </sl:stand>
      <sl:stand>
         <ow-dc:owObject><!--pons.gml-->
            <l:Gebied>
               <l:identificatie>nl.imow-gm0448.gebied.000000010020001550000000000000</l:identificatie>
               <l:noemer>pons</l:noemer>
               <l:geometrie>
                  <l:GeometrieRef xlink:href="279a6501-7d87-422d-9d38-e95866875c13"/>
               </l:geometrie>
            </l:Gebied>
         </ow-dc:owObject>
      </sl:stand>
      <sl:stand>
         <ow-dc:owObject>
            <l:Gebiedengroep>
               <l:identificatie>nl.imow-gm0448.gebiedengroep.000000010020001550000000000001</l:identificatie>
               <l:noemer>bouwvlak</l:noemer>
               <l:groepselement>
                  <l:GebiedRef xlink:href="nl.imow-gm0448.gebied.000000010020001550000000000001"/>
               </l:groepselement>
            </l:Gebiedengroep>
         </ow-dc:owObject>
      </sl:stand>
      <sl:stand>
         <ow-dc:owObject><!--bouwvlak.gml-->
            <l:Gebied>
               <l:identificatie>nl.imow-gm0448.gebied.000000010020001550000000000001</l:identificatie>
               <l:noemer>bouwvlak</l:noemer>
               <l:geometrie>
                  <l:GeometrieRef xlink:href="279a6501-7d87-422d-9d38-e95866875c13"/>
               </l:geometrie>
            </l:Gebied>
         </ow-dc:owObject>
      </sl:stand>
   </sl:standBestand>
</ow-dc:owBestand>
