<?xml version="1.0" encoding="UTF-8"?>
<manifest xmlns="http://www.overheid.nl/2017/lvbb" xmlns:stop="http://www.overheid.nl/2017/stop"
  xmlns:xsi="http://www.w3.org/2001/XMLSchema-instance"
  xsi:schemaLocation="http://www.overheid.nl/2017/lvbb
  https://standaarden.overheid.nl/lvbb/1.1.0/lvbb-transport.xsd">
  <bestand>
    <bestandsnaam>manifest.xml</bestandsnaam>
    <contentType>application/xml</contentType>
  </bestand>
  <bestand>
    <bestandsnaam>Kennisgeving01.xml</bestandsnaam>
    <contentType>application/xml</contentType>
  </bestand>
  <bestand>
    <bestandsnaam>opdracht.xml</bestandsnaam>
    <contentType>application/xml</contentType>
  </bestand>
</manifest>
