<?xml version="1.0" encoding="utf-8"?>
<ow-dc:owBestand xmlns:ow-dc="http://www.geostandaarden.nl/imow/bestanden/deelbestand"
                 xmlns:ow="http://www.geostandaarden.nl/imow/owobject"
                 xmlns:da="http://www.geostandaarden.nl/imow/datatypenalgemeen"
                 xmlns:sl="http://www.geostandaarden.nl/bestanden-ow/standlevering-generiek"
                 xmlns:ga="http://www.geostandaarden.nl/imow/gebiedsaanwijzing"
                 xmlns:k="http://www.geostandaarden.nl/imow/kaart"
                 xmlns:l="http://www.geostandaarden.nl/imow/locatie"
                 xmlns:p="http://www.geostandaarden.nl/imow/pons"
                 xmlns:r="http://www.geostandaarden.nl/imow/regels"
                 xmlns:rol="http://www.geostandaarden.nl/imow/regelsoplocatie"
                 xmlns:vt="http://www.geostandaarden.nl/imow/vrijetekst"
                 xmlns:xlink="http://www.w3.org/1999/xlink"
                 xmlns:xsi="http://www.w3.org/2001/XMLSchema-instance"
                 xsi:schemaLocation="http://www.geostandaarden.nl/imow/bestanden/deelbestand https://register.geostandaarden.nl/xmlschema/tpod/v2.0.0/bestanden-ow/deelbestand-ow/IMOW_Deelbestand.xsd">
   <sl:standBestand>
      <sl:dataset>Waterschapsverordening Limburg</sl:dataset>
      <sl:inhoud>
         <sl:gebied>Gebiedengroepen</sl:gebied>
         <sl:leveringsId>abc-2019612-1</sl:leveringsId>
         <sl:objectTypen>
            <sl:objectType>Gebied</sl:objectType>
            <sl:objectType>Gebiedengroep</sl:objectType>
         </sl:objectTypen>
      </sl:inhoud>
      <!-- primair water -->
      <sl:stand>
         <ow-dc:owObject>
            <l:Gebied>
               <l:identificatie>nl.imow-ws0665.gebied.gml02</l:identificatie>
               <l:noemer>primair water</l:noemer>
               <l:geometrie>
                  <l:GeometrieRef xlink:href="397693AB-45CB-4EF7-A248-E5D7C7BF6F4E"/>
               </l:geometrie>
            </l:Gebied>
         </ow-dc:owObject>
      </sl:stand>
      <!-- secundair water -->
      <sl:stand>
         <ow-dc:owObject>
            <l:Gebied>
               <l:identificatie>nl.imow-ws0665.gebied.gml03</l:identificatie>
               <l:noemer>secundair water</l:noemer>
               <l:geometrie>
                  <l:GeometrieRef xlink:href="D8C259F6-CEB9-453C-AAA4-681538C9FBA6"/>
               </l:geometrie>
            </l:Gebied>
         </ow-dc:owObject>
      </sl:stand>
      <!-- oppervlaktewateren Niers, Helenavaart en Oude Helenavaart -->
      <!-- o_3 -->
      <sl:stand>
         <ow-dc:owObject>
            <l:Gebied>
               <l:identificatie>nl.imow-ws0665.gebied.gml04</l:identificatie>
               <l:noemer>oppervlaktewateren Niers, Helenavaart en Oude Helenavaart</l:noemer>
               <l:geometrie>
                  <l:GeometrieRef xlink:href="4A1B71F8-90A4-46A2-9BEF-AD51178337D5"/>
               </l:geometrie>
            </l:Gebied>
         </ow-dc:owObject>
      </sl:stand>
      <!-- oppervlaktewateren Afwateringskanaal, Neerbeek, Haelensebeek, Tungelroysebeek, Leukerbeek en Uffeltsebeek -->
      <!-- o_4 -->
      <sl:stand>
         <ow-dc:owObject>
            <l:Gebied>
               <l:identificatie>nl.imow-ws0665.gebied.gml05</l:identificatie>
               <l:noemer>oppervlaktewateren Afwateringskanaal, Neerbeek, Haelensebeek, Tungelroysebeek, Leukerbeek en Uffeltsebeek</l:noemer>
               <l:geometrie>
                  <l:GeometrieRef xlink:href="7945D6D2-E231-45ED-811D-5DBDD98FB614"/>
               </l:geometrie>
            </l:Gebied>
         </ow-dc:owObject>
      </sl:stand>
      <!-- meanderzone -->
      <!-- o_5 -->
      <sl:stand>
         <ow-dc:owObject>
            <l:Gebied>
               <l:identificatie>nl.imow-ws0665.gebied.gml07</l:identificatie>
               <l:noemer>meanderzone</l:noemer>
               <l:geometrie>
                  <l:GeometrieRef xlink:href="FF4A03B0-DB52-4920-BB9F-9099F489E767"/>
               </l:geometrie>
            </l:Gebied>
         </ow-dc:owObject>
      </sl:stand>
      <!-- inundatiegebied -->
      <!-- o_6 -->
      <sl:stand>
         <ow-dc:owObject>
            <l:Gebied>
               <l:identificatie>nl.imow-ws0665.gebied.gml08</l:identificatie>
               <l:noemer>inundatiegebied</l:noemer>
               <l:geometrie>
                  <l:GeometrieRef xlink:href="AE6BBE97-0FC3-4C71-AB5B-F0CC508F4A25"/>
               </l:geometrie>
            </l:Gebied>
         </ow-dc:owObject>
      </sl:stand>
      <!-- profiel vrijeruimte keringen -->
      <!-- o_7 -->
      <sl:stand>
         <ow-dc:owObject>
            <l:Gebied>
               <l:identificatie>nl.imow-ws0665.gebied.gml11</l:identificatie>
               <l:noemer>profiel vrijeruimte keringen</l:noemer>
               <l:geometrie>
                  <l:GeometrieRef xlink:href="6A53C9FB-3FFB-4C7D-8A6D-453303BEF32A"/>
               </l:geometrie>
            </l:Gebied>
         </ow-dc:owObject>
      </sl:stand>
      <!-- buitenbeschermingszone keringen -->
      <!-- o_8 -->
      <sl:stand>
         <ow-dc:owObject>
            <l:Gebied>
               <l:identificatie>nl.imow-ws0665.gebied.gml12</l:identificatie>
               <l:noemer>buitenbeschermingszone keringen</l:noemer>
               <l:geometrie>
                  <l:GeometrieRef xlink:href="76CCD6BD-EF9A-4DB9-9F34-1B690AA54865"/>
               </l:geometrie>
            </l:Gebied>
         </ow-dc:owObject>
      </sl:stand>
      <!-- beschermingszone keringen -->
      <!-- o_9 -->
      <sl:stand>
         <ow-dc:owObject>
            <l:Gebied>
               <l:identificatie>nl.imow-ws0665.gebied.gml14</l:identificatie>
               <l:noemer>beschermingszone keringen</l:noemer>
               <l:geometrie>
                  <l:GeometrieRef xlink:href="14EC5498-D3A2-461E-BBD5-9DE4AC4F2F4C"/>
               </l:geometrie>
            </l:Gebied>
         </ow-dc:owObject>
      </sl:stand>
      <!-- kernzonesysteem -->
      <!-- o_10 -->
      <sl:stand>
         <ow-dc:owObject>
            <l:Gebied>
               <l:identificatie>nl.imow-ws0665.gebied.gml19</l:identificatie>
               <l:noemer>kernzonesysteem</l:noemer>
               <l:geometrie>
                  <l:GeometrieRef xlink:href="E9EC9496-35BE-47C3-A1C1-F2AF45930655"/>
               </l:geometrie>
            </l:Gebied>
         </ow-dc:owObject>
      </sl:stand>
      <!-- kanovaart roer -->
      <!-- o_11 -->
      <sl:stand>
         <ow-dc:owObject>
            <l:Gebied>
               <l:identificatie>nl.imow-ws0665.gebied.gml21</l:identificatie>
               <l:noemer>kanovaart roer</l:noemer>
               <l:geometrie>
                  <l:GeometrieRef xlink:href="6063B2D1-1A3A-4608-878E-203637F1E4AA"/>
               </l:geometrie>
            </l:Gebied>
         </ow-dc:owObject>
      </sl:stand>
      <!-- kanovaart overig -->
      <!-- o_12 -->
      <sl:stand>
         <ow-dc:owObject>
            <l:Gebied>
               <l:identificatie>nl.imow-ws0665.gebied.gml22</l:identificatie>
               <l:noemer>kanovaart overig</l:noemer>
               <l:geometrie>
                  <l:GeometrieRef xlink:href="D10158A5-8015-47BF-8E73-A7740BA590DA"/>
               </l:geometrie>
            </l:Gebied>
         </ow-dc:owObject>
      </sl:stand>
      <!-- alle watergangen minus de kanotrajecten -->
      <!-- o_13 -->
      <sl:stand>
         <ow-dc:owObject>
            <l:Gebied>
               <l:identificatie>nl.imow-ws0665.gebied.gml23</l:identificatie>
               <l:noemer>alle watergangen minus de kanotrajecten</l:noemer>
               <l:geometrie>
                  <l:GeometrieRef xlink:href="EA140BC6-9D35-4D19-AC79-648C21DA8C94"/>
               </l:geometrie>
            </l:Gebied>
         </ow-dc:owObject>
      </sl:stand>
      <!-- kernzone primair water + een buffer van 2 meter eromheen -->
      <!-- o_14 -->
      <sl:stand>
         <ow-dc:owObject>
            <l:Gebied>
               <l:identificatie>nl.imow-ws0665.gebied.gml25</l:identificatie>
               <l:noemer>kernzone primair water + een buffer van 2 meter eromheen</l:noemer>
               <l:geometrie>
                  <l:GeometrieRef xlink:href="F448BCEF-49F6-4846-932E-EE7FA007F196"/>
               </l:geometrie>
            </l:Gebied>
         </ow-dc:owObject>
      </sl:stand>
      <!-- kernzone van het oppervlaktewater + een buffer van 0,5 m eromheen -->
      <!-- o_15 -->
      <sl:stand>
         <ow-dc:owObject>
            <l:Gebied>
               <l:identificatie>nl.imow-ws0665.gebied.gml27</l:identificatie>
               <l:noemer>kernzone van het oppervlaktewater + een buffer van 0,5 m eromheen</l:noemer>
               <l:geometrie>
                  <l:GeometrieRef xlink:href="EB4D5E7A-47C2-4DB9-8459-60E5DFCC489F"/>
               </l:geometrie>
            </l:Gebied>
         </ow-dc:owObject>
      </sl:stand>
      <!-- beheergebied -->
      <!-- o_16 -->
      <sl:stand>
         <ow-dc:owObject>
            <l:Gebied>
               <l:identificatie>nl.imow-ws0665.gebied.gml29</l:identificatie>
               <l:noemer>beheergebied</l:noemer>
               <l:geometrie>
                  <l:GeometrieRef xlink:href="761B517A-3AAE-470A-B078-655C3DB6442F"/>
               </l:geometrie>
            </l:Gebied>
         </ow-dc:owObject>
      </sl:stand>
      <!-- werkingsgebied -->
      <!-- o_17 -->
      <sl:stand>
         <ow-dc:owObject>
            <l:Gebied>
               <l:identificatie>nl.imow-ws0665.gebied.gml41</l:identificatie>
               <l:noemer>werkingsgebied</l:noemer>
               <l:geometrie>
                  <l:GeometrieRef xlink:href="EEFD9CEF-C600-438B-83FE-5DC7DF86EAB7"/>
               </l:geometrie>
            </l:Gebied>
         </ow-dc:owObject>
      </sl:stand>
      <!-- oppervlaktewater -->
      <!-- o_18 -->
      <sl:stand>
         <ow-dc:owObject>
            <l:Gebiedengroep>
               <l:identificatie>nl.imow-ws0665.gebiedengroep.gml42</l:identificatie>
               <l:noemer>oppervlaktewater</l:noemer>
               <l:groepselement>
                  <l:GebiedRef xlink:href="nl.imow-ws0665.gebied.gml4201"/>
                  <l:GebiedRef xlink:href="nl.imow-ws0665.gebied.gml4202"/>
                  <l:GebiedRef xlink:href="nl.imow-ws0665.gebied.gml4203"/>
               </l:groepselement>
            </l:Gebiedengroep>
         </ow-dc:owObject>
      </sl:stand>
      <sl:stand>
         <ow-dc:owObject>
            <l:Gebied>
               <l:identificatie>nl.imow-ws0665.gebied.gml4201</l:identificatie>
               <l:noemer>oppervlaktewater</l:noemer>
               <l:geometrie>
                  <l:GeometrieRef xlink:href="13B34F36-1C71-4993-BF08-D33122DB2A07"/>
               </l:geometrie>
            </l:Gebied>
         </ow-dc:owObject>
      </sl:stand>
      <sl:stand>
         <ow-dc:owObject>
            <l:Gebied>
               <l:identificatie>nl.imow-ws0665.gebied.gml4202</l:identificatie>
               <l:noemer>oppervlaktewater</l:noemer>
               <l:geometrie>
                  <l:GeometrieRef xlink:href="13B34F36-1C71-4993-BF08-D33122DB2A08"/>
               </l:geometrie>
            </l:Gebied>
         </ow-dc:owObject>
      </sl:stand>
      <sl:stand>
         <ow-dc:owObject>
            <l:Gebied>
               <l:identificatie>nl.imow-ws0665.gebied.gml4203</l:identificatie>
               <l:noemer>oppervlaktewater</l:noemer>
               <l:geometrie>
                  <l:GeometrieRef xlink:href="13B34F36-1C71-4993-BF08-D33122DB2A09"/>
               </l:geometrie>
            </l:Gebied>
         </ow-dc:owObject>
      </sl:stand>
   </sl:standBestand>
</ow-dc:owBestand>
