<?xml version="1.0" encoding="utf-8"?>
<!--Voor validatie is het noodzakelijk om ook de catalogi van de gepubliceerde versie 1.0.4 te laden.-->
<AanleveringInformatieObject xmlns="https://standaarden.overheid.nl/lvbb/stop/aanlevering/"
                             xmlns:geo="https://standaarden.overheid.nl/stop/imop/geo/"
                             xmlns:xsi="http://www.w3.org/2001/XMLSchema-instance"
                             schemaversie="1.1.0"
                             xsi:schemaLocation="https://standaarden.overheid.nl/lvbb/stop/aanlevering https://standaarden.overheid.nl/lvbb/1.1.0/lvbb-stop-aanlevering.xsd">
   <InformatieObjectVersie>
      <ExpressionIdentificatie xmlns="https://standaarden.overheid.nl/stop/imop/data/">
         <FRBRWork>/join/id/regdata/mnre1109/2020/villawijk_de_parkel</FRBRWork>
         <FRBRExpression>/join/id/regdata/mnre1109/2020/villawijk_de_parkel/nld@2020-09-03;1</FRBRExpression>
         <soortWork>/join/id/stop/work_010</soortWork>
      </ExpressionIdentificatie>
      <InformatieObjectVersieMetadata xmlns="https://standaarden.overheid.nl/stop/imop/data/">
         <heeftGeboorteregeling>/akn/nl/act/mnre1109/2020/IN0001</heeftGeboorteregeling>
         <heeftBestanden>
            <heeftBestand>
               <Bestand>
                  <bestandsnaam>Villawijk_de_Parkel.gml</bestandsnaam>
                  <hash>d7de6f7ddcb39fa710fdecafc605dab21b11ac78090d2854b09d8dc4217bd2ab270063dac87b79c8601ffd1393ad2de98a57b0b2831e824cc2bb0adcf3d761c7</hash>
               </Bestand>
            </heeftBestand>
         </heeftBestanden>
      </InformatieObjectVersieMetadata>
      <InformatieObjectMetadata xmlns="https://standaarden.overheid.nl/stop/imop/data/">
         <eindverantwoordelijke>/tooi/id/ministerie/mnre1109</eindverantwoordelijke>
         <maker>/tooi/id/ministerie/mnre1109</maker>
         <alternatieveTitels>
            <alternatieveTitel>Villawijk de Parkel</alternatieveTitel>
         </alternatieveTitels>
         <officieleTitel>/join/id/regdata/mnre1109/2020/villawijk_de_parkel</officieleTitel>
         <publicatieinstructie>TeConsolideren</publicatieinstructie>
         <naamInformatieObject>Villawijk de Parkel</naamInformatieObject>
         <formaatInformatieobject>/join/id/stop/informatieobject/gio_002</formaatInformatieobject>
      </InformatieObjectMetadata>
   </InformatieObjectVersie>
</AanleveringInformatieObject>
