<?xml version="1.0" encoding="utf-8"?>
<ow-dc:owBestand xmlns:ow-dc="http://www.geostandaarden.nl/imow/bestanden/deelbestand"
                 xmlns:ow="http://www.geostandaarden.nl/imow/owobject"
                 xmlns:da="http://www.geostandaarden.nl/imow/datatypenalgemeen"
                 xmlns:sl="http://www.geostandaarden.nl/bestanden-ow/standlevering-generiek"
                 xmlns:ga="http://www.geostandaarden.nl/imow/gebiedsaanwijzing"
                 xmlns:k="http://www.geostandaarden.nl/imow/kaart"
                 xmlns:l="http://www.geostandaarden.nl/imow/locatie"
                 xmlns:p="http://www.geostandaarden.nl/imow/pons"
                 xmlns:r="http://www.geostandaarden.nl/imow/regels"
                 xmlns:rol="http://www.geostandaarden.nl/imow/regelsoplocatie"
                 xmlns:vt="http://www.geostandaarden.nl/imow/vrijetekst"
                 xmlns:xlink="http://www.w3.org/1999/xlink"
                 xmlns:xsi="http://www.w3.org/2001/XMLSchema-instance"
                 xsi:schemaLocation="http://www.geostandaarden.nl/imow/bestanden/deelbestand https://register.geostandaarden.nl/xmlschema/tpod/v2.0.0/bestanden-ow/deelbestand-ow/IMOW_Deelbestand.xsd">
   <sl:standBestand>
      <sl:dataset>Waterschapsverordening Limburg, Proef 1</sl:dataset>
      <sl:inhoud>
         <sl:gebied>Limburg</sl:gebied>
         <sl:leveringsId>abc-2019830-1</sl:leveringsId>
         <sl:objectTypen>
            <sl:objectType>Omgevingsnorm</sl:objectType>
         </sl:objectTypen>
      </sl:inhoud>
      <sl:stand>
         <ow-dc:owObject>
            <rol:Omgevingsnorm>
               <rol:identificatie>nl.imow-ws0665.omgevingsnorm.graafdiepte</rol:identificatie>
               <rol:naam>maximum graafdiepte</rol:naam>
               <rol:type>http://standaarden.omgevingswet.overheid.nl/typenorm/id/concept/Diepte</rol:type>
               <rol:eenheid>http://standaarden.omgevingswet.overheid.nl/eenheid/id/concept/Meter</rol:eenheid>
               <rol:normwaarde>
                  <rol:Normwaarde>
                     <rol:identificatie>nl.imow-ws0665.normwaarde.graafdiepteRSlenkI</rol:identificatie>
                     <rol:kwantitatieveWaarde>10</rol:kwantitatieveWaarde>
                     <rol:locatieaanduiding>
                        <l:LocatieRef xlink:href="nl.imow-ws0665.gebied.RoerdalslenkI"/>
                     </rol:locatieaanduiding>
                  </rol:Normwaarde>
                  <rol:Normwaarde>
                     <rol:identificatie>nl.imow-ws0665.normwaarde.graafdiepteRSlenkII</rol:identificatie>
                     <rol:kwantitatieveWaarde>20</rol:kwantitatieveWaarde>
                     <rol:locatieaanduiding>
                        <l:LocatieRef xlink:href="nl.imow-ws0665.gebied.RoerdalslenkII"/>
                     </rol:locatieaanduiding>
                  </rol:Normwaarde>
                  <rol:Normwaarde>
                     <rol:identificatie>nl.imow-ws0665.normwaarde.graafdiepteRSlenkIII</rol:identificatie>
                     <rol:kwantitatieveWaarde>30</rol:kwantitatieveWaarde>
                     <rol:locatieaanduiding>
                        <l:LocatieRef xlink:href="nl.imow-ws0665.gebied.RoerdalslenkIII"/>
                     </rol:locatieaanduiding>
                  </rol:Normwaarde>
                  <rol:Normwaarde>
                     <rol:identificatie>nl.imow-ws0665.normwaarde.graafdiepteRSlenkIV</rol:identificatie>
                     <rol:kwantitatieveWaarde>40</rol:kwantitatieveWaarde>
                     <rol:locatieaanduiding>
                        <l:LocatieRef xlink:href="nl.imow-ws0665.gebied.RoerdalslenkIV"/>
                     </rol:locatieaanduiding>
                  </rol:Normwaarde>
               </rol:normwaarde>
               <rol:groep>http://standaarden.omgevingswet.overheid.nl/omgevingsnorm/id/concept/VeiligheidWaterkering</rol:groep>
            </rol:Omgevingsnorm>
         </ow-dc:owObject>
      </sl:stand>
   </sl:standBestand>
</ow-dc:owBestand>
