<?xml version="1.0" encoding="UTF-8"?>
<AanleveringInformatieObject xmlns:xsi="http://www.w3.org/2001/XMLSchema-instance"
  xmlns="https://standaarden.overheid.nl/lvbb/stop/aanlevering/" schemaversie="1.0.4"
  xmlns:geo="https://standaarden.overheid.nl/stop/imop/geo/"
  xsi:schemaLocation="https://standaarden.overheid.nl/lvbb/stop/aanlevering
  https://standaarden.overheid.nl/lvbb/1.0.4/lvbb-stop-aanlevering.xsd">
  <InformatieObjectVersie>
    <ExpressionIdentificatie xmlns="https://standaarden.overheid.nl/stop/imop/data/">
      <FRBRWork>/join/id/regdata/gm0297/2019/Bouwhoogte</FRBRWork>
      <FRBRExpression>/join/id/regdata/gm0297/2019/Bouwhoogte/nld@2020-11-13;4540</FRBRExpression>
      <soortWork>/join/id/stop/work_010</soortWork>
    </ExpressionIdentificatie>
    <InformatieObjectVersieMetadata xmlns="https://standaarden.overheid.nl/stop/imop/data/">
      <heeftBestanden>
        <heeftBestand>
          <Bestand>
            <bestandsnaam>Bouwhoogte.gml</bestandsnaam>
            <hash>accf8c01e8ea63e89da02c68e5d64d1d9b9430cd6cf36d838a8eda7a77e2cf4102522b0545e17f413989b6bc27f9abd4bde1dbdebdf04304908dac7388112fd6</hash>
          </Bestand>
        </heeftBestand>
      </heeftBestanden>
      <heeftGeboorteregeling>/akn/nl/act/gm0297/2019/reg456</heeftGeboorteregeling>
    </InformatieObjectVersieMetadata>
    <InformatieObjectMetadata xmlns="https://standaarden.overheid.nl/stop/imop/data/">
      <eindverantwoordelijke>/tooi/id/gemeente/gm0297</eindverantwoordelijke>
      <maker>/tooi/id/gemeente/gm0297</maker>
      <alternatieveTitels>
        <alternatieveTitel>Bouwhoogte</alternatieveTitel>
      </alternatieveTitels>
      <officieleTitel>/join/id/regdata/gm0297/2019/Bouwhoogte</officieleTitel>
      <publicatieinstructie>TeConsolideren</publicatieinstructie>
      <formaatInformatieobject>/join/id/stop/informatieobject/gio_002</formaatInformatieobject>
      <naamInformatieObject>Bouwhoogte</naamInformatieObject>
    </InformatieObjectMetadata>
    <FeatureTypeStyle xmlns="http://www.opengis.net/se" version="1.1.0">
      <!--<Description><Title>Bouwhoogte-normwaarden</Title></Description> weggehaald want wordt genegeerd-->
      <FeatureTypeName>geo:Locatie</FeatureTypeName>
      <SemanticTypeIdentifier>geo:kwantitatieveNormwaarde</SemanticTypeIdentifier>
      <Rule>
        <Name>Maximum bouwhoogte 7 meter</Name>
        <Description>
          <Title>7 meter</Title>
          <Abstract>Maximum bouwhoogte 7 meter</Abstract>
        </Description>
        <Filter xmlns="http://www.opengis.net/ogc">
          <PropertyIsEqualTo>
            <PropertyName>kwantitatieveNormwaarde</PropertyName>
            <Literal>7</Literal>
          </PropertyIsEqualTo>
        </Filter>
        <PolygonSymbolizer>
          <Name>vsgt206</Name>
          <Fill>
            <SvgParameter name="fill">#c8c8c8</SvgParameter>
            <SvgParameter name="fill-opacity">0.3</SvgParameter>
          </Fill>
          <Stroke>
            <SvgParameter name="stroke">#505050</SvgParameter>
            <SvgParameter name="stroke-opacity">1</SvgParameter>
            <SvgParameter name="stroke-width">0.5</SvgParameter>
            <SvgParameter name="stroke-linejoin">round</SvgParameter>
          </Stroke>
        </PolygonSymbolizer>
      </Rule>
      <Rule>
        <Name>Maximum bouwhoogte 13 meter</Name>
        <Description>
          <Title>13 meter</Title>
          <Abstract>Maximum bouwhoogte 13 meter</Abstract>
        </Description>
        <Filter xmlns="http://www.opengis.net/ogc">
          <PropertyIsEqualTo>
            <PropertyName>kwantitatieveNormwaarde</PropertyName>
            <Literal>13</Literal>
          </PropertyIsEqualTo>
        </Filter>
        <PolygonSymbolizer>
          <Name>vsgt201</Name>
          <Fill>
            <SvgParameter name="fill">#646464</SvgParameter>
            <SvgParameter name="fill-opacity">0.3</SvgParameter>
          </Fill>
          <Stroke>
            <SvgParameter name="stroke">#505050</SvgParameter>
            <SvgParameter name="stroke-opacity">1</SvgParameter>
            <SvgParameter name="stroke-width">0.5</SvgParameter>
            <SvgParameter name="stroke-linejoin">round</SvgParameter>
          </Stroke>
        </PolygonSymbolizer>
      </Rule>
      <Rule>
        <Name>Maximum bouwhoogte 15 meter</Name>
        <Description>
          <Title>15 meter</Title>
          <Abstract>Maximum bouwhoogte 15 meter</Abstract>
        </Description>
        <Filter xmlns="http://www.opengis.net/ogc">
          <PropertyIsEqualTo>
            <PropertyName>kwantitatieveNormwaarde</PropertyName>
            <Literal>15</Literal>
          </PropertyIsEqualTo>
        </Filter>
        <PolygonSymbolizer>
          <Name>vsgt200</Name>
          <Fill>
            <SvgParameter name="fill">#505050</SvgParameter>
            <SvgParameter name="fill-opacity">0.3</SvgParameter>
          </Fill>
          <Stroke>
            <SvgParameter name="stroke">#505050</SvgParameter>
            <SvgParameter name="stroke-opacity">1</SvgParameter>
            <SvgParameter name="stroke-width">0.5</SvgParameter>
            <SvgParameter name="stroke-linejoin">round</SvgParameter>
          </Stroke>
        </PolygonSymbolizer>
      </Rule>
    </FeatureTypeStyle>
  </InformatieObjectVersie>
</AanleveringInformatieObject>
