<?xml version="1.0" encoding="UTF-8"?>
<ow-dc:owBestand xmlns:xsi="http://www.w3.org/2001/XMLSchema-instance" 
	xmlns:xlink="http://www.w3.org/1999/xlink" 
	xmlns:gml="http://www.opengis.net/gml/3.2" 
	xmlns:l="http://www.geostandaarden.nl/imow/locatie" 
	xmlns:ga="http://www.geostandaarden.nl/imow/gebiedsaanwijzing" 
	xmlns:da="http://www.geostandaarden.nl/imow/datatypenalgemeen" 
	xmlns:sl="http://www.geostandaarden.nl/bestanden-ow/standlevering-generiek" 
	xmlns:ow-dc="http://www.geostandaarden.nl/imow/bestanden/deelbestand" 
	xmlns:rol="http://www.geostandaarden.nl/imow/regelsoplocatie" 
	xmlns:r="http://www.geostandaarden.nl/imow/regels" 
	xmlns:ow="http://www.geostandaarden.nl/imow/owobject"
	xsi:schemaLocation="http://www.geostandaarden.nl/imow/bestanden/deelbestand https://register.geostandaarden.nl/xmlschema/tpod/v2.0.0/bestanden-ow/deelbestand-ow/IMOW_Deelbestand.xsd">
	<sl:standBestand>
		<sl:dataset>Gemeentestad</sl:dataset>
		<sl:inhoud>
			<sl:gebied>Gemeentestad</sl:gebied>
			<sl:leveringsId>abc-20200301-0107</sl:leveringsId>
			<sl:objectTypen>
				<sl:objectType>Activiteit</sl:objectType>
			</sl:objectTypen>
		</sl:inhoud>
		<!-- Deze activiteit wordt de naam gewijzigd -->
		<sl:stand>
			<ow-dc:owObject>
				<rol:Activiteit>
					<rol:identificatie>nl.imow-gm0297.activiteit.2019000680</rol:identificatie>
					<rol:naam>exploiteren van een kantoorruimte</rol:naam>
					<rol:groep>http://standaarden.omgevingswet.overheid.nl/activiteit/id/concept/ExploitatieactiviteitKantoor</rol:groep>
					<rol:bovenliggendeActiviteit>
						<rol:ActiviteitRef xlink:href="nl.imow-gm0297.activiteit.ActInOmgevingsplanGem"/>
					</rol:bovenliggendeActiviteit>
				</rol:Activiteit>
			</ow-dc:owObject>
		</sl:stand>
		<!-- artikel 2.11 -->
	</sl:standBestand>
</ow-dc:owBestand>
